sku,product_name,category
BED01,Linen duvet 1,Bedding
BED02,Linen duvet 2,Bedding
BED03,Linen duvet 3,Bedding
BED04,Linen duvet 4,Bedding
KIT01,Ceramic bowl 1,Kitchen
KIT02,Ceramic bowl 2,Kitchen
KIT03,Ceramic bowl 3,Kitchen
KIT04,Ceramic bowl 4,Kitchen
DEC01,Oak frame 1,Decor
DEC02,Oak frame 2,Decor
DEC03,Oak frame 3,Decor
DEC04,Oak frame 4,Decor
STO01,Woven basket 1,Storage
STO02,Woven basket 2,Storage
STO03,Woven basket 3,Storage
STO04,Woven basket 4,Storage
LIG01,Desk lamp 1,Lighting
LIG02,Desk lamp 2,Lighting
LIG03,Desk lamp 3,Lighting
LIG04,Desk lamp 4,Lighting
